,feature,combined_score,norm_score_c
245,teapartsup_baseline,1.091868099203356,0.5142305788204383
247,track_baseline,1.1664653192339056,0.549363184730157
251,healthtaxch3_baseline,1.2073987314091754,0.5686413486872709
252,obamaapp_baseline,1.214358517304087,0.5719191573638115
253,post_pid3_2012,1.2354657593889202,0.5818599087444097
258,envwarm_baseline,1.3127604662095507,0.6182629338507657
261,taxwealth_baseline,1.451523576067659,0.6836153645640741
262,healthreformbill_baseline,1.5238728858822466,0.7176892856634811
